{
	"ENVIRONMENT": "development",
	"DEPLOYMENT": "local",

	"DEVELOPMENT_ASSET_PATH": "./assets",
	"ASSET_PATH": "./public/assets",

	"GOOGLE_CLIENT_ID": "configured google client id",
	"GOOGLE_CLIENT_SECRET": "configured google client secret",
	"DEVELOPMENT_GOOGLE_CALLBACK_URL": "configured google client callback url",
	"GOOGLE_CALLBACK_URL": "configured google client callback url",

	"DEVELOPMENT_SESSION_COOKIE_KEY": "your secret key",
	"SESSION_COOKIE_KEY": "your secret key",

	"DB_NAME": "DB name",
	"DEVELOPMENT_DB": "development DB URI",
	"DB": "production DB URI",

	"DEVELOPMENT_WEBSITE_LINK": "development site link",
	"WEBSITE_LINK": "production site link"
}
