{
	"1": {
		"company_name": "Microsoft",
		"interview_date": "5/10/2022",
		"job_title": "ReactJS Developer",
		"location": "Delhi, India",
		"url": "https://in.indeed.com/jobs?q=react+js+developer&l=India"
	},
	"2": {
		"company_name": "Amazon",
		"interview_date": "25/9/2022",
		"job_title": "ReactJS Developer",
		"location": "Gurugram, India",
		"url": "https://in.indeed.com/jobs?q=react+js+developer&l=India"
	},
	"3": {
		"company_name": "GitHub",
		"interview_date": "20/9/2022",
		"job_title": "Senior ReactJS Developer",
		"location": "Mumbai, India",
		"url": "https://in.indeed.com/jobs?q=react+js+developer&l=India"
	},
	"4": {
		"company_name": "Orion Technologies",
		"interview_date": "5/10/2022",
		"job_title": "NodeJS Developer",
		"location": "Chandigarh, India",
		"url": "https://in.indeed.com/jobs?q=node+js+developer&l=India"
	},
	"5": {
		"company_name": "Fabient Inc.",
		"interview_date": "15/10/2022",
		"job_title": "Senior NodeJS Developer",
		"location": "Hyderabad, India",
		"url": "https://in.indeed.com/jobs?q=node+js+developer&l=India"
	},
	"6": {
		"company_name": "Facebook",
		"interview_date": "5/10/2022",
		"job_title": "Junior ReactJS Developer",
		"location": "Bangalore, India",
		"url": "https://in.indeed.com/jobs?q=react+js+developer&l=India"
	},
	"7": {
		"company_name": "Adobe",
		"interview_date": "25/9/2022",
		"job_title": "Junior NodeJS Developer",
		"location": "Pune, India",
		"url": "https://in.indeed.com/jobs?q=node+js+developer&l=India"
	},
	"8": {
		"company_name": "Netflix",
		"interview_date": "10/10/2022",
		"job_title": "Senior ReactJS Developer",
		"location": "Bangalore, India",
		"url": "https://in.indeed.com/jobs?q=react+js+developer&l=India"
	},
	"9": {
		"company_name": "Google",
		"interview_date": "10/10/2022",
		"job_title": "Senior NodeJS Developer",
		"location": "Mumbai, India",
		"url": "https://in.indeed.com/jobs?q=node+js+developer&l=India"
	},
	"10": {
		"company_name": "Antino Labs",
		"interview_date": "15/10/2022",
		"job_title": "ReactJS Developer Intern",
		"location": "Delhi, India",
		"url": "https://in.indeed.com/jobs?q=react+js+developer&l=India"
	},
	"11": {
		"company_name": "Engenia Technologies",
		"interview_date": "15/10/2022",
		"job_title": "ReactJS Developer Intern",
		"location": "Gurugram, India",
		"url": "https://in.indeed.com/jobs?q=react+js+developer&l=India"
	},
	"12": {
		"company_name": "Connect Global Services",
		"interview_date": "10/10/2022",
		"job_title": "NodeJS Developer Intern",
		"location": "Noida, India",
		"url": "https://in.indeed.com/jobs?q=node+js+developer&l=India"
	},
	"13": {
		"company_name": "KiwiTech",
		"interview_date": "20/9/2022",
		"job_title": "NodeJS Developer Intern",
		"location": "Noida, India",
		"url": "https://in.indeed.com/jobs?q=node+js+developer&l=India"
	},
	"14": {
		"company_name": "Fab Coders",
		"interview_date": "30/9/2022",
		"job_title": "NodeJS Developer",
		"location": "Noida, India",
		"url": "https://in.indeed.com/jobs?q=node+js+developer&l=India"
	},
	"15": {
		"company_name": "AVI Infotech",
		"interview_date": "15/10/2022",
		"job_title": "ReactJS Developer",
		"location": "Bangalore, India",
		"url": "https://in.indeed.com/jobs?q=react+js+developer&l=India"
	},
	"16": {
		"company_name": "Genpact Solutions",
		"interview_date": "25/9/2022",
		"job_title": " Senior ReactJS Developer",
		"location": "Gurugram, India",
		"url": "https://in.indeed.com/jobs?q=react+js+developer&l=India"
	},
	"17": {
		"company_name": "Recruiters Nation",
		"interview_date": "15/10/2022",
		"job_title": " Junior ReactJS Developer",
		"location": "Pune, India",
		"url": "https://in.indeed.com/jobs?q=react+js+developer&l=India"
	},
	"18": {
		"company_name": "Zylox Solutions",
		"interview_date": "20/9/2022",
		"job_title": " Junior NodeJS Developer",
		"location": "Kolkata, India",
		"url": "https://in.indeed.com/jobs?q=node+js+developer&l=India"
	},
	"19": {
		"company_name": "Quokka Labs",
		"interview_date": "5/10/2022",
		"job_title": "Senior NodeJS Developer",
		"location": "Hyderabad, India",
		"url": "https://in.indeed.com/jobs?q=node+js+developer&l=India"
	},
	"20": {
		"company_name": "Ockenden International",
		"interview_date": "15/10/2022",
		"job_title": "NodeJS Developer",
		"location": "Mumbai, India",
		"url": "https://in.indeed.com/jobs?q=node+js+developer&l=India"
	},
	"21": {
		"company_name": "Miles Software Solutions",
		"interview_date": "5/10/2022",
		"job_title": "NodeJS Software Developer",
		"location": "Mumbai, India",
		"url": "https://in.indeed.com/jobs?q=node+js+developer&l=India"
	},
	"22": {
		"company_name": "Infinite Enterprises",
		"interview_date": "15/10/2022",
		"job_title": "ReactJS Software Developer",
		"location": "Gurugram, India",
		"url": "https://in.indeed.com/jobs?q=react+js+developer&l=India"
	},
	"23": {
		"company_name": "Digit Softwares Pvt. Ltd.",
		"interview_date": "10/10/2022",
		"job_title": "Senior NodeJS Software Developer",
		"location": "Bangalore, India",
		"url": "https://in.indeed.com/jobs?q=node+js+developer&l=India"
	},
	"24": {
		"company_name": "ShyftLabs",
		"interview_date": "25/9/2022",
		"job_title": "Senior ReactJS Software Developer",
		"location": "Pune, India",
		"url": "https://in.indeed.com/jobs?q=react+js+developer&l=India"
	},
	"25": {
		"company_name": "IBM",
		"interview_date": "15/10/2022",
		"job_title": "NodeJS Engineer",
		"location": "Noida, India",
		"url": "https://in.indeed.com/jobs?q=node+js+developer&l=India"
	},
	"26": {
		"company_name": "Wipro Limited",
		"interview_date": "5/10/2022",
		"job_title": "React Engineer",
		"location": "Bangalore, India",
		"url": "https://in.indeed.com/jobs?q=react+js+developer&l=India"
	},
	"27": {
		"company_name": "Accenture",
		"interview_date": "15/10/2022",
		"job_title": "NodeJS Software Developer",
		"location": "Kolkata, India",
		"url": "https://in.indeed.com/jobs?q=node+js+developer&l=India"
	},
	"28": {
		"company_name": "Deloitte",
		"interview_date": "20/9/2022",
		"job_title": "ReactJS Software Developer",
		"location": "Delhi, India",
		"url": "https://in.indeed.com/jobs?q=react+js+developer&l=India"
	},
	"29": {
		"company_name": "TCS",
		"interview_date": "20/9/2022",
		"job_title": "NodeJS Software Developer",
		"location": "Chandigarh, India",
		"url": "https://in.indeed.com/jobs?q=node+js+developer&l=India"
	},
	"30": {
		"company_name": "Infosys",
		"interview_date": "20/9/2022",
		"job_title": "ReactJS Software Developer",
		"location": "Chandigarh, India",
		"url": "https://in.indeed.com/jobs?q=react+js+developer&l=India"
	}
}
